{"USDAED": 3.672992, "USDAFN": 68.018868, "USDALL": 92.613644, "USDAMD": 387.449175, "USDANG": 1.795763, "USDAOA": 913.500515, "USDARS": 1001.764195, "USDAUD": 1.53196, "USDAWG": 1.794475, "USDAZN": 1.694061, "USDBAM": 1.845077, "USDBBD": 2.011887, "USDBDT": 119.074348, "USDBGN": 1.844015, "USDBHD": 0.376913, "USDBIF": 2942.924528, "USDBMD": 1, "USDBND": 1.334811, "USDBOB": 6.910312, "USDBRL": 5.774203, "USDBSD": 0.99642, "USDBTC": 1.0862481e-05, "USDBTN": 84.146376, "USDBWP": 13.556668, "USDBYN": 3.260849, "USDBYR": 19600, "USDBZD": 2.008491, "USDCAD": 1.396345, "USDCDF": 2869.999735, "USDCHF": 0.883497, "USDCLF": 0.035201, "USDCLP": 971.290382, "USDCNY": 7.241902, "USDCNH": 7.242825, "USDCOP": 4392.39, "USDCRC": 506.509434, "USDCUC": 1, "USDCUP": 26.5, "USDCVE": 104.022604, "USDCZK": 23.87695, "USDDJF": 177.433962, "USDDKK": 7.044295, "USDDOP": 60.009434, "USDDZD": 133.402987, "USDEGP": 49.5449, "USDERN": 15, "USDETB": 122.638421, "USDEUR": 0.944275, "USDFJD": 2.265596, "USDFKP": 0.789317, "USDGBP": 0.788445, "USDGEL": 2.745003, "USDGGP": 0.789317, "USDGHS": 15.872492, "USDGIP": 0.789317, "USDGMD": 70.504195, "USDGNF": 8587.735849, "USDGTQ": 7.69238, "USDGYD": 208.365959, "USDHKD": 7.782625, "USDHNL": 25.176653, "USDHRK": 7.133259, "USDHTG": 130.896226, "USDHUF": 385.601031, "USDIDR": 15867.9, "USDILS": 3.74324, "USDIMP": 0.789317, "USDINR": 84.397898, "USDIQD": 1305.270705, "USDIRR": 42104.999808, "USDISK": 137.401691, "USDJEP": 0.789317, "USDJMD": 158.039227, "USDJOD": 0.709303, "USDJPY": 155.061498, "USDKES": 129.039721, "USDKGS": 86.505356, "USDKHR": 4047.169811, "USDKMF": 464.774974, "USDKPW": 899.999621, "USDKRW": 1392.539869, "USDKWD": 0.30746, "USDKYD": 0.83037, "USDKZT": 494.438732, "USDLAK": 21847.169811, "USDLBP": 89228.962264, "USDLKR": 289.90566, "USDLRD": 181.349912, "USDLSL": 18.013017, "USDLTL": 2.95274, "USDLVL": 0.60489, "USDLYD": 4.860377, "USDMAD": 9.955472, "USDMDL": 18.109434, "USDMGA": 4657.569139, "USDMKD": 58.098475, "USDMMK": 3247.960992, "USDMNT": 3397.999946, "USDMOP": 7.988227, "USDMRU": 39.656604, "USDMUR": 46.279723, "USDMVR": 15.449888, "USDMWK": 1727.838339, "USDMXN": 20.12305, "USDMYR": 4.469499, "USDMZN": 63.959604, "USDNAD": 18.015396, "USDNGN": 1674.80978, "USDNIO": 36.669811, "USDNOK": 10.990965, "USDNPR": 134.635849, "USDNZD": 1.69289, "USDOMR": 0.38496, "USDPAB": 0.996406, "USDPEN": 3.781379, "USDPGK": 4.009434, "USDPHP": 58.923496, "USDPKR": 276.90508, "USDPLN": 4.092544, "USDPYG": 7760.377358, "USDQAR": 3.633928, "USDRON": 4.6994, "USDRSD": 110.473002, "USDRUB": 99.74581, "USDRWF": 1370.578968, "USDSAR": 3.754105, "USDSBD": 8.36952, "USDSCR": 13.626278, "USDSDG": 601.494956, "USDSEK": 10.92991, "USDSGD": 1.338962, "USDSHP": 0.789317, "USDSLE": 22.605187, "USDSLL": 20969.504736, "USDSOS": 569.439334, "USDSRD": 35.538501, "USDSTD": 20697.981008, "USDSVC": 8.718786, "USDSYP": 2512.529858, "USDSZL": 18.010462, "USDTHB": 34.562501, "USDTJS": 10.591787, "USDTMT": 3.51, "USDTND": 3.139593, "USDTOP": 2.342102, "USDTRY": 34.480201, "USDTTD": 6.765974, "USDTWD": 32.470496, "USDTZS": 2647.963991, "USDUAH": 41.137364, "USDUGX": 3668.833313, "USDUYU": 42.773181, "USDUZS": 12779.124725, "USDVES": 45.780164, "USDVND": 25410, "USDVUV": 118.722009, "USDWST": 2.791591, "USDXAF": 618.830278, "USDXAG": 0.032067, "USDXAU": 0.000379, "USDXCD": 2.70255, "USDXDR": 0.757928, "USDXOF": 618.830278, "USDXPF": 112.508373, "USDYER": 249.898139, "USDZAR": 18.0559, "USDZMK": 9001.223004, "USDZMW": 27.526415, "USDZWL": 321.999592}